[
  {
    "id": "hat_001",
    "name": "Baseball Cap",
    "category": "Accessories",
    "basePrice": 14.99,
    "currency": "USD",
    "variants": [
      {
        "variantId": "hat_black",
        "color": "Black",
        "colorCode": "#000000",
        "image": "/images/hat_black.png",
        "stock": 30
      },
      {
        "variantId": "hat_red",
        "color": "Red",
        "colorCode": "#c62828",
        "image": "/images/hat_red.png",
        "stock": 20
      },
      {
        "variantId": "hat_white",
        "color": "White",
        "colorCode": "#ffffff",
        "image": "/images/hat_white.jpg",
        "stock": 18
      }
    ]
  },
  {
    "id": "hoodie_001",
    "name": "Graphic Hoodie",
    "category": "Hoodie",
    "basePrice": 39.99,
    "currency": "USD",
    "variants": [
      {
        "variantId": "hoodie_black",
        "color": "Black",
        "colorCode": "#000000",
        "image": "/images/hoodie_black.png",
        "stock": 12
      },
      {
        "variantId": "hoodie_green",
        "color": "Green",
        "colorCode": "#1b5e20",
        "image": "/images/hoodie_green.jpg",
        "stock": 10
      },
      {
        "variantId": "hoodie_white",
        "color": "White",
        "colorCode": "#ffffff",
        "image": "/images/hoodie_white.png",
        "stock": 8
      }
    ]
  },
  {
    "id": "polo_001",
    "name": "Classic Polo Shirt",
    "category": "Polo",
    "basePrice": 29.99,
    "currency": "USD",
    "variants": [
      {
        "variantId": "polo_black",
        "color": "Black",
        "colorCode": "#000000",
        "image": "/images/polo_black.jpg",
        "stock": 15
      },
      {
        "variantId": "polo_blue",
        "color": "Blue",
        "colorCode": "#1976d2",
        "image": "/images/polo_blue.png",
        "stock": 14
      },
      {
        "variantId": "polo_white",
        "color": "White",
        "colorCode": "#ffffff",
        "image": "/images/polo_white.png",
        "stock": 16
      }
    ]
  },
  {
    "id": "sleeve_001",
    "name": "Long Sleeve Shirt",
    "category": "Shirt",
    "basePrice": 24.99,
    "currency": "USD",
    "variants": [
      {
        "variantId": "sleeve_black",
        "color": "Black",
        "colorCode": "#000000",
        "image": "/images/sleeve_black.jpg",
        "stock": 14
      },
      {
        "variantId": "sleeve_red",
        "color": "Red",
        "colorCode": "#c62828",
        "image": "/images/sleeve_red.jpg",
        "stock": 11
      },
      {
        "variantId": "sleeve_white",
        "color": "White",
        "colorCode": "#ffffff",
        "image": "/images/sleeve_white.png",
        "stock": 13
      }
    ]
  },
  {
    "id": "tshirt_001",
    "name": "Basic T-Shirt",
    "category": "Shirt",
    "basePrice": 19.99,
    "currency": "USD",
    "variants": [
      {
        "variantId": "tshirt_black",
        "color": "Black",
        "colorCode": "#000000",
        "image": "/images/tshirt_black.jpg",
        "stock": 20
      },
      {
        "variantId": "tshirt_white",
        "color": "White",
        "colorCode": "#ffffff",
        "image": "/images/tshirt_white.png",
        "stock": 22
      }
    ]
  }
]
